title,resolver_state,resolver_city,true_state,true_city,is_weather
India’s monsoon comes up 13% short: What went wrong this year,,,,,
"Key leaders absent, Opposition bloc rejects Rahul Gandhi as its face: BJP",,,,,
"Is a conch made of bone? As Badrinath row simmers, this question has turned political",,,,,
Litterateur and academician Ram Bachan Rai is new Council chairman,,,,,
IAT recommends pension or life insurance cover for farmers to insulate from distress,Karnataka,,,,
"In first electoral test since May win, UDF loses 3 seats in Keralam local bodies bypolls",,,,,
MPSC aspirants suspend October 2 protest after meeting CM Fadnavis; Secretary to be transferred,,,,,
CBI arrests Nirav Modi associate Sandeep Mistry after deportation from UAE,,,,,
"Gold Rate Today, September 30: Check 18, 22 and 24 carat gold prices in Chennai, Mumbai, Delhi, Kolkata and other cities",Tamil Nadu,Chennai,,,
‘Engineered brain freeze’: IIT-Madras study shows how cyber fraud traps victims,Tamil Nadu,Chennai,,,
"Flood threat in several Bihar, UP districts as Nepal rains trigger breach in Gandak embankment",,,,,
"135-yr-old library, 8.5 lakh books – and no room in the new Central Vista plan",,,,,
"Rooted in J&K, backing New Delhi: 2 officers who moved to disallow restoration of statehood resolution",Delhi,New Delhi,,,
'Certificate not needed’: JD(U)’s sharp reply to Sonia Gandhi on Nitish,,,,,
"GST notices cannot be invalidated for lack of sign, says Telangana HC",Telangana,,,,
High Court stays Vaze bail; NIA appeal to come up in October,,,,,
"Encroachments, illegal salt pans: NGT orders Sambhar Lake inspection",,,,,
Machilipatnam to Kurnool City: Railways approves new direct train in Andhra Pradesh,Andhra Pradesh,,,,
"India News Highlights, 29 September 2026: One dead, two injured as house under renovation collapses in East Delhi",Delhi,Delhi,,,
Avoid ‘dangerous path’ of travelling to Russia to join army: MEA,,,,,
‘Many are in contact’: Akhilesh claims BJP alliance MLAs in touch with SP ahead of Rajya Sabha polls,,,,,
"Cabinet clears Rs 1,789cr intelligent traffic system for Delhi, first planned before 2010 CWG",Delhi,Delhi,,,
Kashmir: Terrorist neutralised in encounter with security forces in Yousmarg,,,,,
"RSS calls for nationwide NRC amid Census, SIR debate",,,,,
"Cong. leaders take on Yediyurappa and sons, criticise EC for ‘deleting names’",,,,,
Food Safety officials seize 44 kg of unlabelled food in Narasaraopet,,,,,
2 CISF officers booked for alleged corruption at BCCL unit in Dhanbad,,,,,
"Mamata backs Rahul as PM, Kharge seeks Opposition unity",,,,,
"All four LeT commanders active in J&K since 2022 now dead, says Home Ministry",,,,,
"US, China in competitive mode, India & others need to de-risk, diversify to secure interests: Jaishankar",,,,,
