city,region,date,season,precip_24h_mm,max_1h_rain_mm,max_temp_c,max_gust_kmh,min_visibility_m
Delhi,North,2024-07-15,Monsoon,3.0,1.2,33.2,44.6,
Shimla,North,2024-07-15,Monsoon,5.5,2.2,22.3,25.9,
Mumbai,West,2024-07-15,Monsoon,10.2,1.4,28.1,31.3,
Ahmedabad,West,2024-07-15,Monsoon,29.3,10.7,30.7,23.8,
Jodhpur,West,2024-07-15,Monsoon,15.6,9.6,38.6,36.7,
Bengaluru,South,2024-07-15,Monsoon,16.8,3.1,26.4,59.8,
Chennai,South,2024-07-15,Monsoon,8.2,1.5,30.2,38.2,
Kochi,South,2024-07-15,Monsoon,39.3,5.1,26.8,46.4,
Kolkata,East,2024-07-15,Monsoon,1.9,0.8,32.1,48.6,
Patna,East,2024-07-15,Monsoon,0.1,0.1,33.9,35.3,
Guwahati,Northeast,2024-07-15,Monsoon,57.5,17.7,32.6,20.5,
Nagpur,Central,2024-07-15,Monsoon,16.4,9.3,31.0,25.9,
Delhi,North,2024-08-10,Monsoon,16.7,4.1,31.3,22.0,
Shimla,North,2024-08-10,Monsoon,6.9,1.3,20.5,28.1,
Mumbai,West,2024-08-10,Monsoon,4.7,0.7,28.1,37.8,
Ahmedabad,West,2024-08-10,Monsoon,24.3,6.1,29.6,34.6,
Jodhpur,West,2024-08-10,Monsoon,5.4,1.9,31.2,38.2,
Bengaluru,South,2024-08-10,Monsoon,19.2,5.0,26.6,31.7,
Chennai,South,2024-08-10,Monsoon,4.1,1.2,31.8,25.9,
Kochi,South,2024-08-10,Monsoon,11.4,6.1,27.8,35.6,
Kolkata,East,2024-08-10,Monsoon,24.7,9.7,32.0,29.9,
Patna,East,2024-08-10,Monsoon,8.0,4.1,32.1,22.0,
Guwahati,Northeast,2024-08-10,Monsoon,7.1,4.6,29.8,16.2,
Nagpur,Central,2024-08-10,Monsoon,9.4,2.6,30.2,29.2,
Delhi,North,2024-09-05,Monsoon,2.9,1.0,31.6,28.1,
Shimla,North,2024-09-05,Monsoon,10.2,7.7,19.3,23.4,
Mumbai,West,2024-09-05,Monsoon,27.9,3.7,28.3,46.1,
Ahmedabad,West,2024-09-05,Monsoon,19.8,5.7,30.5,34.2,
Jodhpur,West,2024-09-05,Monsoon,0.4,0.1,31.4,16.9,
Bengaluru,South,2024-09-05,Monsoon,0.5,0.1,27.8,43.2,
Chennai,South,2024-09-05,Monsoon,0.7,0.4,34.7,38.9,
Kochi,South,2024-09-05,Monsoon,3.5,0.7,28.7,38.9,
Kolkata,East,2024-09-05,Monsoon,1.5,1.0,32.1,37.1,
Patna,East,2024-09-05,Monsoon,25.5,5.5,30.3,22.3,
Guwahati,Northeast,2024-09-05,Monsoon,18.1,6.2,30.3,21.6,
Nagpur,Central,2024-09-05,Monsoon,11.0,6.0,30.2,27.4,
Delhi,North,2024-01-15,Winter / Non-Monsoon,0.0,0.0,16.1,20.2,
Shimla,North,2024-01-15,Winter / Non-Monsoon,0.0,0.0,11.2,22.3,
Mumbai,West,2024-01-15,Winter / Non-Monsoon,0.0,0.0,30.1,42.1,
Ahmedabad,West,2024-01-15,Winter / Non-Monsoon,0.0,0.0,26.7,18.0,
Jodhpur,West,2024-01-15,Winter / Non-Monsoon,0.0,0.0,23.2,23.8,
Bengaluru,South,2024-01-15,Winter / Non-Monsoon,0.0,0.0,28.2,28.1,
Chennai,South,2024-01-15,Winter / Non-Monsoon,0.0,0.0,28.4,25.2,
Kochi,South,2024-01-15,Winter / Non-Monsoon,0.0,0.0,30.0,33.8,
Kolkata,East,2024-01-15,Winter / Non-Monsoon,0.0,0.0,22.2,22.0,
Patna,East,2024-01-15,Winter / Non-Monsoon,0.0,0.0,19.2,17.3,
Guwahati,Northeast,2024-01-15,Winter / Non-Monsoon,0.0,0.0,23.5,20.5,
Nagpur,Central,2024-01-15,Winter / Non-Monsoon,0.0,0.0,28.0,25.6,
Delhi,North,2024-05-20,Pre-Monsoon / Summer,0.0,0.0,43.6,61.2,
Shimla,North,2024-05-20,Pre-Monsoon / Summer,0.9,0.5,25.8,43.2,
Mumbai,West,2024-05-20,Pre-Monsoon / Summer,0.0,0.0,35.1,45.0,
Ahmedabad,West,2024-05-20,Pre-Monsoon / Summer,0.0,0.0,44.7,38.9,
Jodhpur,West,2024-05-20,Pre-Monsoon / Summer,0.0,0.0,43.7,33.1,
Bengaluru,South,2024-05-20,Pre-Monsoon / Summer,25.2,8.2,27.6,35.6,
Chennai,South,2024-05-20,Pre-Monsoon / Summer,13.9,5.9,31.3,31.0,
Kochi,South,2024-05-20,Pre-Monsoon / Summer,69.2,7.9,26.8,36.0,
Kolkata,East,2024-05-20,Pre-Monsoon / Summer,19.3,12.9,34.0,31.0,
Patna,East,2024-05-20,Pre-Monsoon / Summer,0.0,0.0,37.5,47.2,
Guwahati,Northeast,2024-05-20,Pre-Monsoon / Summer,3.6,2.8,31.6,29.2,
Nagpur,Central,2024-05-20,Pre-Monsoon / Summer,10.5,6.3,40.9,55.8,
Delhi,North,2024-11-15,Post-Monsoon,0.0,0.0,29.0,31.7,
Shimla,North,2024-11-15,Post-Monsoon,0.0,0.0,15.9,35.6,
Mumbai,West,2024-11-15,Post-Monsoon,0.3,0.1,33.9,30.6,
Ahmedabad,West,2024-11-15,Post-Monsoon,0.0,0.0,32.6,24.8,
Jodhpur,West,2024-11-15,Post-Monsoon,0.0,0.0,31.7,17.3,
Bengaluru,South,2024-11-15,Post-Monsoon,10.0,6.6,27.0,37.4,
Chennai,South,2024-11-15,Post-Monsoon,16.9,2.9,28.1,35.6,
Kochi,South,2024-11-15,Post-Monsoon,14.2,8.5,30.2,19.1,
Kolkata,East,2024-11-15,Post-Monsoon,0.0,0.0,30.2,20.5,
Patna,East,2024-11-15,Post-Monsoon,0.0,0.0,27.6,28.1,
Guwahati,Northeast,2024-11-15,Post-Monsoon,0.0,0.0,27.9,15.8,
Nagpur,Central,2024-11-15,Post-Monsoon,0.0,0.0,30.0,23.8,
