# AGENT-AUTHORED, NOT REAL EVENTS
event_id,category,location,latitude,longitude,event_date,event_time_utc,severity,ground_truth_label,notes
EVT-2023-001,CYCLONE_HIGH_WIND,Chennai,13.0827,80.2707,2023-12-04,06:00:00,EXTREME,TRUE_POSITIVE,Cyclone Michaung landfall outer bands with extreme winds and rain
EVT-2023-002,HEAVY_RAINFALL,New Delhi,28.6139,77.2090,2023-07-09,08:30:00,SEVERE,TRUE_POSITIVE,Record 153mm 24h rainfall causing Yamuna flood alert
EVT-2023-003,CYCLONE_HIGH_WIND,Jakhau Gujarat,23.2389,68.6111,2023-06-15,14:00:00,EXTREME,TRUE_POSITIVE,Cyclone Biparjoy landfall on Saurashtra-Kutch coast
EVT-2022-004,FLOOD_WATERLOGGING,Bengaluru,12.9716,77.5946,2022-09-05,18:00:00,SEVERE,TRUE_POSITIVE,Major urban flooding in Bellandur-Outer Ring Road corridor
EVT-2023-005,HEAVY_RAINFALL,Mumbai,19.0760,72.8777,2023-07-26,09:00:00,SEVERE,TRUE_POSITIVE,Very heavy monsoon rainfall across suburbs causing local waterlogging
EVT-2024-006,HEATWAVE,Nagpur,21.1458,79.0882,2024-05-28,10:30:00,EXTREME,TRUE_POSITIVE,Severe heatwave conditions with maximum temperatures exceeding 46C
EVT-2024-007,HEATWAVE,New Delhi,28.7041,77.1025,2024-05-29,11:00:00,EXTREME,TRUE_POSITIVE,Severe heatwave across National Capital Region reaching 48C
EVT-2023-008,HEAVY_RAINFALL,Shimla,31.1048,77.1734,2023-08-14,03:00:00,EXTREME,TRUE_POSITIVE,Devastating cloudburst and flash flood events in Himachal Pradesh
EVT-2024-009,GALE_WIND,Puri,19.8135,85.8312,2024-10-25,00:30:00,SEVERE,TRUE_POSITIVE,Severe Cyclonic Storm Dana coastal landfall with gusty winds
EVT-2024-010,DUST_STORM,Jaipur,26.9124,75.7873,2024-06-03,13:00:00,MODERATE,TRUE_POSITIVE,Pre-monsoon dust storm with sudden squalls and visibility drop
